slug,tier
asics,sports
goldwin,sports
salomon,sports
alexander-digenova,premium
brain-dead,street
camiel-fortgens,premium
clarks-originals,premium
chopova-lowena,premium
cmmn-swdn,premium
danner,sports
demon,street
erl,premium
end-custom-jewellers,premium
entire-studios,premium
gr10k,premium
jean-paul-gaultier,high-end
kaptain-sunshine,premium
mfpen,premium
mizuno,sports
martine-rose,premium
mowalola,premium
n-hoolywood,premium
needles,premium
new-balance,sports
our-legacy,premium
online-ceramics,street
ordinary-fits,premium
prototypes,premium
reproduction-of-found,premium
sage-nation,premium
satisfy,sports
sky-high-farm-workwear,street
song-for-the-mute,premium
south2-west8,premium
stefan-cooke,street
subu,sports
suicoke,sports
taiga-takahashi,premium
ten-c,premium
tilak,sports
westfall,premium
willy-chavarria,premium
j-l-a-l,premium
orslow,premium
a-better-feeling,premium
acne-studios,high-end
acronym,premium
adapture,premium
adieu-paris,premium
afb,premium
affxwrks,premium
altra,sports
and-wander,sports
andrej-gronau,premium
ann-demeulemeester,high-end
annms,premium
apfr,premium
apro,premium
arcteryx,sports
arpenteur,premium
asahi,premium
ashley-williams,premium
asics-novalis,premium
asp,premium
aton,premium
august-barron,premium
av-vattev,premium
adidas,premium
aftermath,premium
aie,premium
aieul,premium
alden,premium
alpha-industries,premium
amaiyuutsu,premium
amiacalva,premium
amomento,premium
amusant,premium
anachronorm,premium
ancellm,premium
andersen-andersen,premium
andersson-bell,premium
another-aspect,premium
another-office,premium
anytime-loreak,premium
arc-teryx,sports
arcs,premium
aries,street
arnar-mar-jonsson,premium
astorflex,premium
atmosphere,premium
bagjack,premium
better-with-age,street
bless,premium
bode,premium
bow-wow,premium
byborre,premium
balmung,premium
baracuta,premium
barbour,premium
bather,premium
battenwear,premium
beach-brains,premium
bed-j-w-ford,premium
beheavyer,premium
berner-kuhl,premium
birkenstock,premium
birthdaysuit,premium
bocbok,premium
boiler-room,street
bonnie-clyde,premium
bott,street
brownyard,premium
buhee,premium
bulletto,premium
ca4la,premium
calmanthology,premium
cecilie-bahnsen,premium
charles-jeffrey-loverboy,premium
cherry-los-angeles,premium
cherry-world,premium
