url,page_title
https://thegreatalfred.com/product/detail.html?product_no=86&cate_no=58&display_group=1,VTG FRED OG CREWNECK / RED | Alfred
https://m.meclads.com/product/%EC%8A%A4%ED%86%A0%EB%A6%AC-mfg-story-mfg-station-jacket-olive-wonky-wear/5226/category/98/display/1/,스토리 MFG Story MFG - Station Jacket - Meclads
https://m.openershop.co.kr/product/khatarinablack/29917/category/957/display/1/,Roa - KHATARINA_BLACK
https://www.ka-yo.com/kr/en/l/mens/mens-clothing/mens-down-jackets?page=2,Men's Down Jackets at ka-yo.com | KA-YO | KAYO
https://empty.seoul.kr/product/list.html?cate_no=56&page=2,카테고리 - 아우터 - empty
https://www.addictedseoul.com/products/ally-bo-perennials-printed-hoody-black,ADDICTED
https://www.plus81.id/collections/interim,임시직 – +81
https://aliveform.bio/products/nebula-bag,NEBULA SLING BAG
https://www.8division.com/product/list.html?cate_no=191,8DIVISION
https://kr.patta.nl/products/patta-x-joe-freshgoods-coalition-long-sleeve-t-shirt-black,Patta
https://www.birthoftheteenager.com,BoTT - Birth of The Teenager
https://store.jb-voice.co.jp/ko/products/bott-wolf-varsity-jacket-1,BoTT / Wolf Varsity Jacket | JACK in the NET
https://www.acrmtsm.jp/products/detail/67626,BoTT - Wolf Varsity Jacket | ACRMTSM ONLINE STORE
https://www.goldwin-global.com/kr/,Goldwin Official Website
https://store.digawel.com/products/pile-fleece-blouson,Pile Fleece Blouson – DIGAWEL ONLINE STORE
https://unexpected-store.com/products/setinn-capital-crew-knit,Setinn Capital Crew Knit – unexpected store
https://thenatures.jp/collections/interim,INTERIM 正規通販｜THE NATURES
https://www.addictedseoul.com/products/hollywood-pullover-hoodie-vintage-black,ADDICTED
https://southstore-online.com/ja-kr/products/studio-weareallanimals-animals-letter-cap,SOUTH STORE
https://www.storymfg.com/collections/sale/products/grateful-tee-ls-ecru-earth-trip,Story mfg.
https://www.vinavast.co,Home
https://slamjam.com/en-kr/collections/roa,Roa – Slam Jam
https://thisisneverthat.com/products/fw25-tnt-daniel-johnston-frogs-leather-flight-jacket,thisisneverthat KR | 디스이즈네버댓
https://new-light-okinawa.com/en/collections/all-item,All Item – NƏW LIGHT
https://m.adressershop.com/product/list.html?cate_no=52&page=3,NICENESS - a.dresser
https://m.obscura-store.com/product/list.html?cate_no=401,SALE - obscura
https://treeandbranch.com/collections/jacket?page=11,Jacket – Tree and Branch
https://mode-man.com/product/list.html?cate_no=50,MODE MAN
https://thexshop.co.kr/category/rassvet/1517/?page=1,더엑스샵
https://www.rogues.co.jp/smartphone/detail.html?id=000000005471,로구스 온라인 숍 SUGAR CANE
https://cayl.co.kr/product/down-jacket-non-hoody-black/3091/category/47/display/1/,CAYL
https://sculpstore.com/product/l-s.html?cate_no=2792&page=3,스컬프스토어
https://bizzare.co.kr/Brands.html?cate_no=334,BIZZARE
https://elephab.buyshop.jp,elephant TRIBAL fabrics
https://m.meclads.com/product/list_thumb.html?cate_no=256,Gurank - Meclads
https://maisonshunishizawa.online/collections,All Products – MSI STORE
https://breche-online.com/product/new_list.html?cate_no=24&page=14,브레슈
https://kerouac.okinawa/view/category/ct52,Kerouac
https://clesste.com/ko/collections/tops?page=1,탑스
https://liberaiders.jp/products/all-conditions-3layer-jacket-iii,LIBERAIDERS
https://andwander.co.kr/product/list.html?cate_no=47&page=2,and wander
https://m.thehipstore.co.uk,HIP | Curators of fascinating brands
https://cherryla.com/collections/crewnecks,Sweatshirts – CHERRY LA
https://grds.com/product/detail.html?product_no=2166&cate_no=110&display_group=1,grds
https://heritagefloss.com/product/detail.html?product_no=4226&cate_no=240&display_group=1,heritagefloss online store
https://axelarigato.com/sale/men,AXEL ARIGATO
https://www.harrods.com/en-ve/designers/picante,Harrods
https://lttt.life/collections/all,LTTT
https://www.corteiz.com/password,CRTZRTW
https://etcseoul.com/product/detail.html?product_no=43857&cate_no=1668&display_group=1,ETC SEOUL
https://ecru.co.kr/product/list.html?cate_no=1795&page=2,ECRU Online
https://www.roa-hiking.com/en-kr/products/roa-clothing-roa-x-mental-athletic-hue-packable-wind-jacket-black-j335273,ROA X Mental Athletic Hue Packable Wind Jacket
https://about---blank.com/collections/new-in,about:blank | new in
https://shop.pheb.jp/smartphone/list.html?category_code=ct478,グランク GURANK | アンドフェブ
https://m.rinostore.co.kr/product/list.html?cate_no=511,FINAL SALE - rinostore
https://www.family3-0.com/en/collections/homme-all?page=5,Man - Family 3.0
https://markaware.jp/collections/pants?page=2,MARKAWARE
https://082plus.com/ko/collections/latest?page=3,082plus
https://twofrogsofficial.com/collections/frontpage,Two Frogs
https://coevo.com/goods/goods_list.php?page=1&brandCd=149,COEVO
https://enfinleve.com/collections/all-items?page=2,enfin levé - technical clothing
https://sunchambersociety.com/product/list.html?cate_no=149,Sun Chamber Society
https://shop.ciota.jp/products/m-65-fshtail-parka,CIOTA Online Shop
https://gooutstore.cafe24.com/category/outer/34/?page=6,GOOUTSTORE
https://www.greats.com/products/the-regent-2-0-blanco-mens,GREATS
https://musterwerk-sud.com/items/68c63a9ec4153faa737052f0,MusterWerk
https://www.goral-shoes.co.uk/collections/white/products/the-mellor-ii-sneakers-calfskin-nappa-white-leather-ready-to-ship,GORAL
https://www.hlorenzo.com/collections/namesake/products/jk-05-mp-migle-plaid-brown,HL LORENZO
https://unipair.com/product/detail.html?product_no=8832&cate_no=98&display_group=1,Unipair
https://m.adekuver.com/product/detail.html?product_no=7946&cate_no=59&display_group=1,아데쿠베
https://tity.ocnk.net/phone/product-list,セレクトショップ TITY 新潟
https://brotherbrother.us/collections/all?page=1,Brother Brother
https://blackeyepatch.com/collections/tees?page=3,BlackEyePatch
https://thelooprunning.com/collections/new-new-arrival?page=2,The Loop Running Supply
https://www.tttmsw.jp/categories/5638057/2,TTTMSW
https://www.032c.com/en-kr/products/hardcore-friendship-keychain-1,032c
https://brownieonline.jp/products/detail/251,brownie online
https://golfwang.com/collections/all?page=2,GOLF WANG
https://thisthingofours.co.uk/products/f-ce-polartec-micro-fleece-pullover-brown,T.T.O.O
https://parlour.kr/product/detail.html?product_no=1386&cate_no=101&display_group=1,PARLOUR
https://someit.stores.jp/?all_items=true&page=2,SOMEIT
https://www.aaspectrumstore.com/collections/tops?page=3,A.A. Spectrum
https://pherrows.tokyo/en-en/products/25w-onibikeshi2,Pherrows
https://www.colebuxton.com/collections/accessories?page=1,Cole Buxton
https://www.thetrilogytapes.com,The Trilogy Tapes
https://store.jb-voice.co.jp/ko/collections/outer-mens?page=2,JACK in the NET
https://limitededt.com/products/acronym-j123a-gt-alpha-green-j123a-gt-alpha-green,Limited Edt
https://hamc.us/collections/new-collection/products/vm00525-1-cf,HAMCUS
https://joefreshgoods.com/collections/shop,JOE FRESHGOODS
https://m.openershop.co.kr/category/prototypes/1222/,Opener Shop
https://warrenlotas.com/product/want-reaper-long-sleeve,Warren Lotas
https://unexpected-store.com/?srsltid=AfmBOooLG_SM02aPUlq_6SywrU8bXU-t0UanAfBwCVdxBX1XSZ-2N9kP,unexpected store
https://m.bluesman.co.kr/product/detail.html?product_no=22252&cate_no=90&display_group=1,블루스맨
https://faze-one.com,fazeone
https://yoketokyo.com/collections/jackets,YOKE Official Website
https://effortless-store.com/product/aw25-yoke-cow-leather-flight-jacket-black/3234/category/341/display/1/,EFFORTLESS
https://shop.evisenskateboards.com/collections/new-arrivals,Evisen Skateboards
https://srd-osaka.com/?mode=cate&cbid=1877677&csid=0&sort=n&page=2,SHRED
https://f-lagstuf-f.com/collections/new-arrivals?page=1,F-LAGSTUF-F
https://11747391.net/collections/tops,11747391
https://rombaut.com/products/nucleo-volcanic-mate-black,ROMBAUT
https://kr.stussy.com/collections/sweats/products/1915000-basic-stussy-crew-black,Stüssy Korea
https://eytys.com/collections/footwear,EYTYS
https://shop.tightbooth.com/?mode=cate&cbid=2862047&csid=0&sort=n&page=6,TIGHTBOOTH
https://etcseoul.com/category/liberaiders/1585/,ETC SEOUL
https://krshop.goldwin-global.com/collections/men?page=2,Goldwin Korea
https://www.borderlineofficial.com/products/the-zipper-v4,Borderline
https://www.sefr-online.com/ko/product/duke-jacket-faux_-memory_-leather,Séfr
https://www.room-onlinestore.jp/product-group/303?page=3,ROOM ONLINE STORE
https://shop.cocorozashi.jp/ko/collections/tightbooth-production,cocorozashi
https://grds.com/product/detail.html?product_no=1957&cate_no=103&display_group=1,grds
https://asia.freshservice.jp/collections/all,FreshService
https://m.rinostore.co.kr/category/eastlogue/65/#none,EASTLOGUE - rinostore
https://wegenk.com/?mode=cate&cbid=2686342&csid=0&page=2,wegenk 위젠크
https://www.kasina.co.kr/clothing?page=2,카시나 Kasina
https://lindenisenough.com/en-kr/,Linden Is Enough
https://rocky-mountain-featherbed.com/products/m65-fishtail-vtg-poplin-with-liner-2025aw,Rocky Mountain Featherbed
https://www.sevenstore.com/brands/aboutblank/,SEVENSTORE
https://process-store.com/products/khoki-vintage-effect-embroidered-jacket,process
https://weareallhumans.com/products/los-pantalones,All Human Can Learn
https://slamjam.com/en-kr/collections/sale-clothing?pagination=2,Slam Jam
https://pan-kanazawa.com/collections/new-arrival,PAN 金沢
https://noclaim.co.kr/product/aa-spectrum-ascend-shell-jacket-graphite,NOCLAIM
https://apac.coteetciel.com/ko-kr/products/minho-carbon-black,côte&ciel
https://velourgarments.eu/products/7-gauge-chocolate-knit,Velour Garments
https://thenatures.jp/products/oamc-goldwin-3layer-field-jacket-green-camo,THE NATURES
https://laidback0918.shop-pro.jp/?mode=cate&cbid=2781736&csid=0&page=2,Laid back 지바현
https://m.nightwaks.com/product/list.html?cate_no=251&page=5,nightwaks
https://nomadshop.net/products/3l-gore-tex-interops-jacket-gen-1-hardshell-wp-alpha-green-j123a-gt,NOMAD
https://skyhighfarmgoods.com/products/handknit-barry-cardigan,Sky High Farm Goods
https://www.mkistore.co.uk/,MKI MIYUKI ZOKU
https://jp.mercari.com/item/m86020184058,메르카리 (중고 마켓)
https://casestudystore.co.kr/product/rtw.html,Casestudy
https://18east.co/collections/all,18 East
https://global.baloriginal.com/collections/all-products,baloriginal
https://coverchord.com/pages/men,COVERCHORD
https://www.guerrilla-group.co/collections/dir-all?page=3,Guerrilla-Group
https://www.maharishistore.com/collections/sale,Maharishi
https://jp.mercari.com/item/m27908762563,메르카리 (중고 마켓)
https://kr.grounds-fw.com/products/orca-x-undercover-01db,grounds
https://applixy.com/product/detail.html?product_no=10308&cate_no=82&display_group=1,APPLIXY 어플릭시
https://afb-afb-afb.com/products/afb25ss1,AFB
https://bluemonte.store/collections/all/products/,Blue Monte
https://www.stoneisland.com/ko-kr/collection/아우터웨어,Stone Island
https://shop.palaceskateboards.com,PALACE SKATEBOARDS
https://fascinate-online.com/search/?campaignType=1,FASCINATE
https://family.d-r-g-n.com/collections/2026-new/products/pit_viper_boxy_hoodie_dgld,D-R-G-N
https://www.arknets.co.jp/brand/B1561/,ARKnets
https://attic-sendai.com/ko/collections/all-item?page=2,Attic ONLINE STORE
https://flatlisteyewear.com/collections/olympia,FLATLIST EYEWEAR
https://www.houseoferrors.org/products/birds-eye-view-cardigan,HOUSE OF ERRORS
https://therealmccoys.jp/products/mj24103/030-blk#size_guide,The Real McCoy's
https://www.corneliantaurus.com/collections/all?page=1,cornelian taurus by daisuke iwanaga
https://undercoverk.theshop.jp/items/108229990,UNDERCOVER 가나자와
https://www.picante.shop/collections/outerwear,PICANTE
https://nubiantokyo.com/collections/pdf/,NUBIAN TOKYO
https://www.tinyworld.jp/?mode=cate&cbid=2134171&csid=0&sort=n,WACKO MARIA 오사카 취급 TINY OSAKA
https://anachronorm.jp/ko/collections/bottoms?page=2,ANACHRONORM
https://tune.kr/collections/new-arrivals,TUNE.KR
https://karmuelyoung.com/products/brown-2-way-pocket-goat-leather-jacket,KARMUEL YOUNG
https://annmsshop.com/collections/new/tops,ANNMS Shop
https://luu-dan.com/collections/year-of-the-horse/products/oversized-hoodie-vintage-black,LU'U DAN
https://www.hideandseekstore.com/products/m25c02pt02c-organic-cotton-13-5oz-selvedge-denim-cocoon-fit-jeans,hideandseekStore
https://baycrews.jp/item/detail/journalstandard/pants/25030610009130,BAYCREW'S STORE
https://tune.kr/account/draw-history,TUNE.KR
https://fce-store.com/items?pg=6,F/CE ONLINE STORE
https://www.camperlab.com/en_ES/men/shoes/all_shoes_lab_men,Camperlab
https://yozm.wishket.com/magazine/detail/3578/,요즘IT 블로그
https://spigen.co.kr/product/detail.html?product_no=1519&cate_no=139,슈피겐
https://joefreshgoods.com/password,JOE FRESHGOODS (password)
